babygatorsden.com,babygatorsden.com
babygatorsden.com,keekoin.com
babygatorsden.com,ababymakesfour.blogspot.com
babygatorsden.com,the-mommyhood-chronicles.com
babygatorsden.com,acadianasthriftymom.com
babygatorsden.com,powered-by-mom.com
babygatorsden.com,lindasangels.net
babygatorsden.com,roastedbeanz.com
babygatorsden.com,africasblog.com
babygatorsden.com,sarahsblogoffun.com
babygatorsden.com,documama.org
babygatorsden.com,kellystilwell.com
babygatorsden.com,crayonstocoupons.com
keekoin.com,babygatorsden.com
keekoin.com,keekoin.com
ababymakesfour.blogspot.com,babygatorsden.com
ababymakesfour.blogspot.com,keekoin.com
ababymakesfour.blogspot.com,ababymakesfour.blogspot.com
ababymakesfour.blogspot.com,the-mommyhood-chronicles.com
ababymakesfour.blogspot.com,documama.org
the-mommyhood-chronicles.com,babygatorsden.com
the-mommyhood-chronicles.com,keekoin.com
the-mommyhood-chronicles.com,ababymakesfour.blogspot.com
the-mommyhood-chronicles.com,the-mommyhood-chronicles.com
the-mommyhood-chronicles.com,documama.org
acadianasthriftymom.com,acadianasthriftymom.com
acadianasthriftymom.com,powered-by-mom.com
powered-by-mom.com,acadianasthriftymom.com
powered-by-mom.com,powered-by-mom.com
lindasangels.net,babygatorsden.com
lindasangels.net,keekoin.com
lindasangels.net,acadianasthriftymom.com
lindasangels.net,powered-by-mom.com
lindasangels.net,lindasangels.net
lindasangels.net,roastedbeanz.com
lindasangels.net,africasblog.com
lindasangels.net,sarahsblogoffun.com
lindasangels.net,documama.org
lindasangels.net,kellystilwell.com
lindasangels.net,crayonstocoupons.com
roastedbeanz.com,babygatorsden.com
roastedbeanz.com,keekoin.com
roastedbeanz.com,acadianasthriftymom.com
roastedbeanz.com,powered-by-mom.com
roastedbeanz.com,lindasangels.net
roastedbeanz.com,roastedbeanz.com
roastedbeanz.com,africasblog.com
roastedbeanz.com,sarahsblogoffun.com
roastedbeanz.com,documama.org
roastedbeanz.com,kellystilwell.com
roastedbeanz.com,crayonstocoupons.com
africasblog.com,babygatorsden.com
africasblog.com,keekoin.com
africasblog.com,the-mommyhood-chronicles.com
africasblog.com,acadianasthriftymom.com
africasblog.com,powered-by-mom.com
africasblog.com,lindasangels.net
africasblog.com,roastedbeanz.com
africasblog.com,africasblog.com
africasblog.com,sarahsblogoffun.com
africasblog.com,documama.org
africasblog.com,kellystilwell.com
africasblog.com,crayonstocoupons.com
sarahsblogoffun.com,babygatorsden.com
sarahsblogoffun.com,keekoin.com
sarahsblogoffun.com,acadianasthriftymom.com
sarahsblogoffun.com,powered-by-mom.com
sarahsblogoffun.com,lindasangels.net
sarahsblogoffun.com,roastedbeanz.com
sarahsblogoffun.com,africasblog.com
sarahsblogoffun.com,sarahsblogoffun.com
sarahsblogoffun.com,documama.org
sarahsblogoffun.com,kellystilwell.com
sarahsblogoffun.com,crayonstocoupons.com
documama.org,babygatorsden.com
documama.org,keekoin.com
documama.org,ababymakesfour.blogspot.com
documama.org,the-mommyhood-chronicles.com
documama.org,documama.org
kellystilwell.com,acadianasthriftymom.com
kellystilwell.com,lindasangels.net
kellystilwell.com,roastedbeanz.com
kellystilwell.com,sarahsblogoffun.com
kellystilwell.com,kellystilwell.com
kellystilwell.com,crayonstocoupons.com
crayonstocoupons.com,babygatorsden.com
crayonstocoupons.com,keekoin.com
crayonstocoupons.com,acadianasthriftymom.com
crayonstocoupons.com,powered-by-mom.com
crayonstocoupons.com,lindasangels.net
crayonstocoupons.com,roastedbeanz.com
crayonstocoupons.com,africasblog.com
crayonstocoupons.com,sarahsblogoffun.com
crayonstocoupons.com,documama.org
crayonstocoupons.com,kellystilwell.com
crayonstocoupons.com,crayonstocoupons.com
